{
    "model": {
        "accuracy": 0.9666666666666667,
        "balanced_accuracy": 0.9649122807017544,
        "f1_score": 0.9663299663299663
    },
    "majority_baseline": {
        "accuracy": 0.35,
        "balanced_accuracy": 0.3333333333333333,
        "f1_score": 0.1728395061728395
    }
}