{
    "ncb_mm_all_TOS_sb_fits_5": [
        95.62099747298416,
        16.969552020235536
    ],
    "mu_cb_mm_all_TOS_sb_fits_5": [
        4860.828305022694,
        66.86111703292538
    ],
    "lm_cb_mm_all_TOS_sb_fits_5": [
        20.001384474538394,
        0.14885700323960377
    ]
}