{
    "a": [
        -87.99148078600084,
        189.44812742060915
    ],
    "b": [
        1065.7311749276787,
        945.926754240955
    ],
    "npr_ee_all_TOS_sb_fits_5": [
        327.3935413342884,
        41.38379720510362
    ],
    "mu_cb_ee_all_TOS_sb_fits_5": [
        4229.326448441571,
        46.96418175564929
    ],
    "lm_cb_ee_all_TOS_sb_fits_5": [
        36.284332587811505,
        2.470188963850787
    ]
}