{"gga": {"Ac": {"mu": -4.071763035}, "Ag": {"mu": -2.7123080575}, "Al": {"mu": -3.7435179025}, "As": {"mu": -4.67763195}, "Au": {"mu": -3.2020238}, "B": {"mu": -6.133604795833333}, "Ba": {"mu": -1.910795895}, "Be": {"mu": -3.76078283}, "Bi": {"mu": -3.886067655}, "Br": {"mu": -1.6378462475}, "C": {"mu": -9.22419025}, "Ca": {"mu": -1.92950998}, "Cd": {"mu": -0.75589404}, "Ce": {"mu": null}, "Cl": {"mu": -1.8498935875}, "Co": {"mu": -7.018203405}, "Cr": {"mu": -9.511912605}, "Cs": {"mu": -0.8311539837931035}, "Cu": {"mu": -3.750770211875}, "Dy": {"mu": -4.54404821}, "Er": {"mu": -4.4949136375}, "Eu": {"mu": null}, "F": {"mu": -1.8239343425}, "Fe": {"mu": -8.270386}, "Ga": {"mu": -2.896960755}, "Gd": {"mu": null}, "Ge": {"mu": -4.513205815}, "H": {"mu": -3.390882930625}, "Hf": {"mu": -9.927482825}, "Hg": {"mu": -0.185248305}, "Ho": {"mu": -4.5172585475}, "I": {"mu": -1.41464125}, "In": {"mu": null}, "Ir": {"mu": -8.52989595}, "K": {"mu": -1.0495709275}, "La": {"mu": -4.8888364478125}, "Li": {"mu": -1.9021143125}, "Lu": {"mu": -4.44696174}, "Mg": {"mu": -1.501488575}, "Mn": {"mu": -9.017663604137931}, "Mo": {"mu": -10.89902918}, "N": {"mu": -8.3386188125}, "Na": {"mu": -1.31307806}, "Nb": {"mu": -10.08484165}, "Nd": {"mu": -4.7130182425}, "Ni": {"mu": -5.49304769}, "Np": {"mu": -12.45269224375}, "O": {"mu": -4.71400617}, "Os": {"mu": -11.091162005}, "P": {"mu": -5.412933790238095}, "Pa": {"mu": -1.18986178}, "Pb": {"mu": -3.554809705}, "Pd": {"mu": -5.207830965}, "Pm": {"mu": -4.68468747}, "Pr": {"mu": -4.72996666}, "Pt": {"mu": -6.10361987}, "Pu": {"mu": -14.000369383125}, "Rb": {"mu": -0.9449716629999999}, "Re": {"mu": -12.33230907}, "Rh": {"mu": -7.24809949}, "Ru": {"mu": -9.228780825}, "S": {"mu": -4.1358387075000005}, "Sb": {"mu": -4.148085355}, "Sc": {"mu": -6.248561405}, "Se": {"mu": -3.511237004375}, "Si": {"mu": -5.42339239}, "Sm": {"mu": -4.639974323333333}, "Sn": {"mu": -3.83763347}, "Sr": {"mu": -1.636905}, "Ta": {"mu": -11.81706007}, "Tb": {"mu": -4.566014513333333}, "Te": {"mu": -3.104533346666667}, "Th": {"mu": -7.42531989}, "Ti": {"mu": -7.74480818}, "Tl": {"mu": -2.23091742}, "Tm": {"mu": -4.478859475}, "U": {"mu": -10.809566565}, "V": {"mu": -8.94943525}, "W": {"mu": -11.58698501}, "Y": {"mu": -6.43564724}, "Yb": {"mu": -1.4742828}, "Zn": {"mu": -1.109931775}, "Zr": {"mu": -8.45585868}}, "metagga": {"Ac": {"mu": -68.645024995}, "Ag": {"mu": -21.35884423}, "Al": {"mu": -6.7331497025}, "As": {"mu": -14.705606805}, "Au": {"mu": -50.57555909}, "B": {"mu": -6.713651108333334}, "Ba": {"mu": -26.43770386}, "Be": {"mu": -4.330294335}, "Bi": {"mu": -58.50670295}, "Br": {"mu": -13.216907505}, "C": {"mu": -9.93499136}, "Ca": {"mu": -7.0303544075}, "Cd": {"mu": -20.09383607}, "Ce": {"mu": null}, "Cl": {"mu": -6.1509882625}, "Co": {"mu": -13.235056595}, "Cr": {"mu": -15.07021086}, "Cs": {"mu": -25.06304571965517}, "Cu": {"mu": -10.8478891025}, "Dy": {"mu": -31.994639795}, "Er": {"mu": -33.897390885}, "Eu": {"mu": null}, "F": {"mu": -3.11797502}, "Fe": {"mu": -14.40292448}, "Ga": {"mu": -11.368389037}, "Gd": {"mu": null}, "Ge": {"mu": -13.86828306}, "H": {"mu": -3.44930472125}, "Hf": {"mu": -45.152789475}, "Hg": {"mu": -49.36485651}, "Ho": {"mu": -32.863504946666666}, "I": {"mu": -24.3824293075}, "In": {"mu": null}, "Ir": {"mu": -52.03710403}, "K": {"mu": -6.0137866675}, "La": {"mu": -29.7443535021875}, "Li": {"mu": -2.38903895}, "Lu": {"mu": -38.0740529}, "Mg": {"mu": -4.16105062}, "Mn": {"mu": -14.68445184862069}, "Mo": {"mu": -26.04913916}, "N": {"mu": -9.1232290825}, "Na": {"mu": -3.55561254}, "Nb": {"mu": -24.72131916}, "Nd": {"mu": -29.4114515525}, "Ni": {"mu": -11.99045144}, "Np": {"mu": -82.7637125575}, "O": {"mu": -5.585154205}, "Os": {"mu": -52.836023455}, "P": {"mu": -8.996427983809523}, "Pa": {"mu": -68.32505331}, "Pb": {"mu": -56.283200775}, "Pd": {"mu": -22.9540393}, "Pm": {"mu": -29.54470747}, "Pr": {"mu": -29.40157967}, "Pt": {"mu": -51.5105581}, "Pu": {"mu": -85.861078289375}, "Rb": {"mu": -13.92770245}, "Re": {"mu": -52.346705146666665}, "Rh": {"mu": -24.13102669}, "Ru": {"mu": -25.423081775}, "S": {"mu": -8.0335145275}, "Sb": {"mu": -25.70551284}, "Sc": {"mu": -11.356124445}, "Se": {"mu": -14.31044165578125}, "Si": {"mu": -8.77400011}, "Sm": {"mu": -29.72185309}, "Sn": {"mu": -24.741669325}, "Sr": {"mu": -15.10223082}, "Ta": {"mu": -48.59186606866667}, "Tb": {"mu": -31.24175256}, "Te": {"mu": -25.332832076666666}, "Th": {"mu": -73.47285811}, "Ti": {"mu": -12.852719325}, "Tl": {"mu": -53.18185857}, "Tm": {"mu": -35.134722475}, "U": {"mu": -79.642334235}, "V": {"mu": -14.07645214}, "W": {"mu": -51.47604443}, "Y": {"mu": -20.277126985}, "Yb": {"mu": -33.46415222}, "Zn": {"mu": -8.906204955}, "Zr": {"mu": -22.74367999}}}