{"Ac": -4.1211750075, "Ag": -2.8325290566666665, "Al": -3.74557583, "As": -4.65850806, "Au": -3.27388154, "B": -6.679390641666667, "Ba": -1.91897083, "Be": -3.739412865, "Bi": -3.88641638, "Br": -1.63692654, "C": -9.22676982, "Ca": -1.999462735, "Cd": -0.90620278, "Ce": -5.933089155, "Cl": -1.8485262325, "Co": -7.108317795, "Cr": -9.65304747, "Cs": -0.8954023720689656, "Cu": -4.09920667, "Dy": -4.60678684, "Er": -4.5674248, "Eu": -10.292043475, "F": -1.9114557725, "Fe": -8.46929704, "Ga": -3.02808992, "Gd": -14.07612224, "Ge": -4.61751163, "H": -3.39271585, "Hf": -9.95718477, "Hg": -0.30362902, "Ho": -4.58240887, "I": -1.524009065, "In": -2.75168373, "Ir": -8.83843042, "K": -1.110398947, "La": -4.936007105, "Li": -1.9089228533333333, "Lu": -4.52095052, "Mg": -1.5968959166666667, "Mn": -9.161706470344827, "Mo": -10.84563514, "N": -8.336493965, "Na": -1.312223005, "Nb": -10.10130504, "Nd": -4.76814321, "Ni": -5.7798218, "Np": -12.94777968125, "O": -4.94795546875, "Os": -11.22733445, "P": -5.413285861428571, "Pa": -9.51466466, "Pb": -3.71258955, "Pd": -5.17648694, "Pm": -4.7505423225, "Pr": -4.780899145, "Pt": -6.07090771, "Pu": -14.26782579, "Rb": -0.9805340725, "Re": -12.444527185, "Rh": -7.33850956, "Ru": -9.27438911, "S": -4.136449866875, "Sb": -4.128999585, "Sc": -6.332469105, "Se": -3.49591147765625, "Si": -5.423390655, "Sm": -4.717682476666667, "Sn": -3.99229498, "Sr": -1.6894812533333334, "Ta": -11.85777728, "Tb": -4.6343661, "Te": -3.14330093, "Th": -7.41385825, "Ti": -7.895052840000001, "Tl": -2.36165292, "Tm": -4.475058396666666, "U": -11.29141001, "V": -9.08235617, "W": -12.95812647, "Zr": -8.54770063, "Zn": -1.259460605, "Yb": -1.5395952733333333, "Y": -6.466074656666667}